id,username,mail,password,name,location,description,verified,created_at,birthday,lang,profile_banner_url,profile_img_url
0,mary54,ericpowell@hotmail.com,GR8M8GRfwV,Scott Lozano,Greece,Involve whom road special apply how avoid building.,True,1973-02-16T08:08:00,2016-07-01T14:15:41,EN,https://placekitten.com/292/195,https://www.lorempixel.com/112/761
1,ljones,leonmichael@yahoo.com,B0AzJhrxGG,Natalie Medina,Korea,West record option experience season sister contain respond mind.,True,1982-04-01T19:22:20,1993-05-04T19:22:26,EN,https://www.lorempixel.com/825/20,https://www.lorempixel.com/271/108
2,valerie70,phillipsjeffrey@meyer.com,0YRQjHa0RY,Nicole Marshall,Tonga,Likely else operation break range last security notice off.,True,1983-10-06T14:08:37,1979-11-01T23:29:50,EN,https://dummyimage.com/799x152,https://dummyimage.com/254x86
3,tperry,lawrencederek@mercado.info,Qe7Vz7Qj2d,Bianca White,Paraguay,Want word dream be apply federal reality director by center travel instead.,True,2004-06-08T09:57:13,1972-09-02T05:55:55,EN,https://dummyimage.com/835x188,https://dummyimage.com/298x335
4,deborah12,rtanner@hotmail.com,TtRSGOwr1T,Carlos Robertson,Nepal,Red newspaper institution environmental future ago answer prepare according ready wrong interest.,True,1983-12-20T00:15:34,2014-08-10T13:35:19,EN,https://placekitten.com/878/823,https://dummyimage.com/520x347
5,brittany72,bfernandez@yahoo.com,NJQ3NpE3hA,Hannah Herrera,Uruguay,Husband option enter lawyer politics model name house.,False,2015-04-14T07:31:44,2012-03-08T04:55:22,EN,https://dummyimage.com/700x892,https://placeimg.com/983/806/any
6,joshuasmith,kayla49@landry.com,M5rlSLpb7U,Frederick Rush,Montserrat,Reality police unit energy want ok whole town contain fine.,True,2004-06-26T04:01:37,1983-11-23T15:27:02,EN,https://placekitten.com/13/47,https://www.lorempixel.com/999/1009
7,kevinrios,johnlong@rice-wilson.net,O8B692KgMn,Kaitlin Hunter,Kyrgyz Republic,Key push rather give statement stay everyone relate.,True,1976-12-02T02:23:19,1982-04-30T06:34:12,EN,https://placeimg.com/714/386/any,https://placekitten.com/740/39
8,omcgee,charlotte65@moore.biz,1yOz7XfVNP,Lindsey Cooper,Cambodia,Amount every clearly or probably truth sure me ahead our shake establish first.,True,1970-06-24T04:53:18,2016-08-04T08:27:58,EN,https://www.lorempixel.com/924/136,https://www.lorempixel.com/946/221
9,kthompson,mathew20@gmail.com,qSLPBE9sG5,Anthony Cherry,Mozambique,Speech many over us choose despite.,True,2017-05-11T18:05:52,1981-06-09T19:11:14,EN,https://www.lorempixel.com/677/328,https://dummyimage.com/249x827
10,james22,olawrence@romero.info,1GIIWdbQuA,Charlene Thompson,Lesotho,Time toward admit civil option hold possible.,True,1991-11-09T07:30:43,2012-03-02T16:34:09,EN,https://placeimg.com/65/68/any,https://dummyimage.com/836x989
11,wileybrian,sancheznancy@yahoo.com,sQ7OInvE8r,Steven Torres,Myanmar,Whose approach open particularly first team stop.,True,1977-06-17T12:22:57,2001-02-26T10:54:31,EN,https://dummyimage.com/73x799,https://www.lorempixel.com/779/449
12,xdaniel,isaac02@yahoo.com,388TJKqT9i,Joshua Miller,Tajikistan,Almost ability best else agent then wear option.,True,2011-06-25T20:42:23,1988-03-26T19:54:15,EN,https://placekitten.com/706/171,https://placeimg.com/244/464/any
13,james90,steven63@yahoo.com,F4heCkxK7L,Jennifer Hansen,New Zealand,Eight practice wife range require start practice here mean.,False,2019-05-18T11:41:20,1988-10-04T07:34:52,EN,https://dummyimage.com/184x94,https://placeimg.com/923/295/any
14,jperry,mikayla55@andersen.com,DiN9gm366a,Dr. Scott Norris MD,Luxembourg,Beyond hand true again lose leader decide movie I race even couple guess.,False,1977-09-22T06:52:25,2005-11-07T05:56:40,EN,https://placekitten.com/441/1,https://www.lorempixel.com/682/1019
15,jwiggins,hrichardson@torres-ayala.com,sKa8IFFH9v,Lisa Sellers,Guadeloupe,Center agent never poor support I plant buy focus.,True,2006-11-16T12:37:05,1994-11-08T04:23:42,EN,https://placeimg.com/209/920/any,https://placeimg.com/449/42/any
16,michaelowens,scott36@taylor.com,IO9TTvqTJi,Brenda Hernandez,Belarus,Language agent former food movement dog various environment I.,True,2008-01-29T20:38:00,1980-03-11T09:22:56,EN,https://dummyimage.com/755x717,https://www.lorempixel.com/564/947
17,huberanthony,wkelly@yahoo.com,N150DhheZH,Joshua Silva,Solomon Islands,Father continue become executive until put evening maintain.,True,2013-05-14T12:18:54,1988-08-26T03:33:47,EN,https://placekitten.com/703/232,https://dummyimage.com/962x409
18,hutchinsoncourtney,norrischristopher@gmail.com,2j432rHsz3,Brian Jacobs,Afghanistan,Across read reality girl charge more plan necessary surface everything mention.,True,1985-03-02T22:20:01,2006-08-26T20:12:09,EN,https://dummyimage.com/624x126,https://www.lorempixel.com/736/11
19,sandrapaul,murraydiane@yahoo.com,6LFUwg3F2b,Darren Daniels,Iraq,Claim down fear continue tough employee peace expect help those discover.,False,1982-09-21T02:43:21,2009-08-14T09:12:21,EN,https://placeimg.com/918/224/any,https://dummyimage.com/360x324
20,brianferrell,justinserrano@hotmail.com,2DL40uiWDw,Jessica Carroll,Singapore,Down other avoid up century table investment follow question.,True,2000-12-11T04:13:13,1993-06-24T22:49:38,EN,https://www.lorempixel.com/790/778,https://placekitten.com/199/1
21,brownclaudia,caitlynbutler@robinson.info,RJLoSrNc8u,Pamela Davis,Grenada,Senior require top wait understand politics music already.,True,1985-10-02T18:58:02,1979-07-05T14:28:55,EN,https://dummyimage.com/375x455,https://dummyimage.com/688x768
22,paul69,salvarez@hotmail.com,w1BiujOqTz,Tammy Cruz,Brunei Darussalam,Yourself compare detail develop administration enjoy.,True,2008-02-05T21:00:56,2010-11-06T10:11:38,EN,https://placeimg.com/818/643/any,https://www.lorempixel.com/526/543
23,oliviapatel,alyssa05@jones.org,09Na2MqeZY,Danielle Harvey,Heard Island and McDonald Islands,Project account teach operation indicate particular along fast room me appear cup believe.,True,1999-12-04T00:37:39,1985-07-29T03:06:29,EN,https://www.lorempixel.com/409/949,https://placeimg.com/911/665/any
24,gdrake,fmurray@lopez.com,LSz9jl783w,Alison Clark,British Virgin Islands,Think give happy senior beat page.,True,1987-12-20T23:08:12,1981-09-10T09:26:33,EN,https://placekitten.com/917/722,https://www.lorempixel.com/671/7
25,jonathangrant,samuel72@yahoo.com,dpX8Ecpvf0,Ashley Turner,Mauritius,Arm kitchen professional history during late book.,False,2011-03-14T17:46:02,1999-10-10T02:28:24,EN,https://placekitten.com/614/640,https://placeimg.com/80/939/any
26,nicole51,ucarlson@schneider-fox.com,c0Unc7mPlZ,Dawn Caldwell,Myanmar,Money around collection computer fish sure part major how western mission seven.,False,2018-06-29T00:38:51,2006-01-22T12:22:00,EN,https://dummyimage.com/761x774,https://www.lorempixel.com/16/663
27,manuelchapman,sstone@gmail.com,8hEgigpscJ,Erica Foster,Cameroon,News create energy arm according matter Republican send us find.,True,1971-10-25T06:44:19,1996-05-26T06:38:20,EN,https://placekitten.com/123/8,https://placekitten.com/917/840
28,karen62,jennifer24@marshall-thompson.com,l22kKOoxWe,Brandy Mckenzie,Saint Lucia,Business day big agree develop approach church only news just for focus.,True,2007-02-15T04:06:14,2002-05-19T13:47:22,EN,https://www.lorempixel.com/803/970,https://placeimg.com/618/873/any
29,matthewlopez,michelle65@dyer.com,rAV2THdth9,Thomas Soto,Morocco,Investment event put suggest beyond summer party election reality so every southern.,False,2001-11-14T02:25:17,1980-03-03T21:30:08,EN,https://placeimg.com/296/557/any,https://dummyimage.com/35x63
30,mmacdonald,ericksonwilliam@yahoo.com,q6UMyWjxgZ,Melanie Hansen,Rwanda,Power system amount appear drug large the.,True,2006-10-30T14:13:24,1980-09-21T12:35:31,EN,https://www.lorempixel.com/816/755,https://dummyimage.com/355x736
31,hardyjustin,raymondnavarro@vasquez.com,3gHvCFmDG1,Michael Sanchez,Uzbekistan,Share agent thing hair wall a recent discuss.,True,2008-06-30T19:14:50,1996-04-20T06:29:17,EN,https://www.lorempixel.com/572/830,https://placekitten.com/953/898
32,dodsonsean,ashleyrobinson@dunn-morris.com,zIU5Q90npw,Dr. Lauren Nicholson,Turks and Caicos Islands,Add season affect enough against summer population ready behind state.,True,1994-08-21T13:08:44,2003-07-15T12:54:39,EN,https://placekitten.com/936/415,https://placekitten.com/281/561
33,cwhite,raymondedwards@brown.org,6F0pNkwOIc,Cameron Rose,Austria,Able traditional late resource everybody century we church apply yeah.,True,1998-10-29T11:52:17,2014-02-11T12:41:40,EN,https://placeimg.com/742/281/any,https://www.lorempixel.com/262/618
34,lhernandez,mmann@smith.com,MAygHhFoi2,Michelle Edwards,Cook Islands,Economy husband draw audience nation still exist lead source somebody garden too those.,False,2019-08-31T17:21:00,2005-08-08T15:42:01,EN,https://www.lorempixel.com/489/44,https://placeimg.com/992/134/any
35,williambass,derrickmiller@johnson-prince.com,to6KSJTgX8,Lisa Johnson,Bermuda,First several huge Mrs region if.,False,1987-01-30T20:54:15,1975-02-01T00:52:02,EN,https://placeimg.com/533/86/any,https://www.lorempixel.com/534/142
36,jennifergonzales,wagnerjacob@gmail.com,UoXflgcSK3,Andrew Mahoney,Guinea-Bissau,Lead produce cause this important score stay.,True,2000-05-02T10:35:25,1972-01-07T07:02:56,EN,https://dummyimage.com/822x43,https://placeimg.com/394/300/any
37,hsheppard,cowanmatthew@brown.org,6jK8lPnb1I,Patricia Melendez,Ghana,Get degree air direction black usually always.,True,1988-07-16T19:50:24,1976-10-25T22:20:13,EN,https://placekitten.com/806/474,https://www.lorempixel.com/237/304
38,smithkara,morganortega@yahoo.com,33YIvjdSP1,Diane Nixon,Equatorial Guinea,Congress south leave international life physical individual fine.,True,2002-06-22T15:46:02,2010-08-13T21:06:27,EN,https://www.lorempixel.com/563/726,https://placekitten.com/509/739
39,hollywhite,wilkinsandrea@yahoo.com,1cWtkHAh9c,Mark Steele,Brazil,Wait someone entire reality into voice wind operation lot foreign figure bar source.,True,2017-07-20T22:41:49,1992-06-23T20:06:14,EN,https://www.lorempixel.com/717/1011,https://www.lorempixel.com/823/47
40,philip01,daniel43@gmail.com,rp7PTtI4lS,Richard David,Bosnia and Herzegovina,Strong four meet son special response front us.,False,1980-06-03T23:35:08,1976-04-08T07:11:07,EN,https://www.lorempixel.com/112/292,https://dummyimage.com/278x819
41,laurenjenkins,bakertammy@yahoo.com,A6MMKtbJOa,Johnny Warren,Saudi Arabia,Week store everybody culture sport hotel.,True,2008-08-02T23:47:14,1979-08-02T03:59:00,EN,https://www.lorempixel.com/1013/383,https://dummyimage.com/711x588
42,ebrown,carloswilson@george.com,5wH5PsyPrZ,Sarah Romero,United States of America,Impact scientist offer visit final any generation three within add recent week.,True,2018-12-06T20:00:21,1970-03-10T11:35:13,EN,https://www.lorempixel.com/369/420,https://www.lorempixel.com/793/394
43,baxterpeter,bethpalmer@dunn.com,9Z9GyRnQnr,Mrs. Caitlin Wright DVM,Cook Islands,Happy prevent firm radio a agent pass music others.,True,1973-09-18T11:01:41,1973-08-18T04:43:49,EN,https://placeimg.com/29/79/any,https://placekitten.com/123/682
44,corey59,kelly99@fuller.com,fo4cDErq82,James Weiss,Congo,Rock long debate whom ground story human chance century natural open always.,True,1991-06-16T06:35:42,1979-03-11T01:10:32,EN,https://www.lorempixel.com/647/943,https://placeimg.com/977/982/any
45,gloriavega,robertjackson@hotmail.com,iuqAc41mx0,Ebony Wong,Bouvet Island (Bouvetoya),Myself example world rate imagine citizen data ever.,False,1984-08-03T18:34:14,1975-05-01T16:15:00,EN,https://www.lorempixel.com/943/593,https://placekitten.com/870/640
46,paigeturner,caseyjoel@garner-bell.com,yp5rGahvM0,Barbara Knight,Namibia,New really big policy cost which into board stop game same energy.,False,2013-12-01T14:05:41,1993-01-31T06:16:42,EN,https://placeimg.com/353/670/any,https://placekitten.com/821/363
47,hallcatherine,wendy68@yahoo.com,9ivMbhXIi5,Anita Rodriguez,Oman,Cup for enough add change forward court yeah.,False,1970-03-29T14:20:55,1978-11-07T01:32:04,EN,https://placeimg.com/406/572/any,https://placeimg.com/402/205/any
48,glozano,natasha55@yahoo.com,76vnzioW1Q,Adam Medina,Cambodia,Have moment situation similar easy feeling believe magazine.,False,2001-08-25T05:36:11,1996-07-18T17:08:43,EN,https://www.lorempixel.com/496/915,https://www.lorempixel.com/124/250
49,donaldcollins,daniel44@wiley-kelley.biz,8H4Ua5QLNI,Vincent Huff,Vanuatu,Go positive majority yes provide need evidence bed TV health financial evidence.,True,1994-12-19T21:03:59,2016-05-20T06:13:47,EN,https://dummyimage.com/564x6,https://placekitten.com/497/466
50,shermanstephanie,aaron66@powell.com,8sERUauf1X,Penny Williams,Gibraltar,Never indicate get season while relationship beyond.,True,2015-03-01T15:39:46,2011-10-06T13:31:38,EN,https://placekitten.com/491/634,https://dummyimage.com/946x724
51,virginiamorrison,ernesttate@yahoo.com,M0uX6UgPeR,Sean Avila,Liechtenstein,West reality recently machine blue ten time blue use major evidence role Mrs.,True,1995-01-21T16:02:39,1991-04-18T20:29:29,EN,https://placeimg.com/170/151/any,https://www.lorempixel.com/897/539
52,ddunlap,mbishop@hotmail.com,7XxWNq50MJ,Andrew Huerta,Bangladesh,Speak condition great establish pull officer reveal special ago.,True,1972-12-10T11:32:55,1981-04-24T16:18:44,EN,https://www.lorempixel.com/944/695,https://www.lorempixel.com/269/811
53,blanchardkatherine,longjonathan@hardy.biz,Du0WaUNhrp,Robert Wheeler,Monaco,Require table test leg cut decision.,True,1995-04-30T18:03:50,1991-10-23T14:48:20,EN,https://placekitten.com/1013/979,https://dummyimage.com/300x1022
54,wbrown,ray18@burke.com,b7D93Mei1p,Donna Wright,Greenland,Ok develop visit Mrs by he sometimes director popular.,True,1998-10-17T21:02:24,2002-10-18T22:59:35,EN,https://dummyimage.com/248x515,https://dummyimage.com/16x910
55,lmann,courtney02@doyle.com,cTdGZmRxb1,Patrick Richard,Saint Martin,East skill approach condition difference environment big study organization focus.,True,1986-10-24T14:37:09,1995-12-28T00:01:07,EN,https://www.lorempixel.com/82/398,https://placeimg.com/134/251/any
56,kevinwashington,spencerdeanna@roberts-hines.com,HDn3G3IvAq,Amanda Powers,Nauru,Teach house their who stock chance.,False,1995-04-01T09:10:30,1997-02-21T16:46:06,EN,https://www.lorempixel.com/48/58,https://placekitten.com/721/186
57,ewilson,nnewton@yahoo.com,QWVBveaxz2,Marcia Torres,Iceland,Magazine level city member pick century state politics century magazine share.,True,1970-04-18T01:16:58,1985-07-22T11:12:14,EN,https://placeimg.com/817/228/any,https://dummyimage.com/354x469
58,kcortez,shannonpatton@gmail.com,GnqpCkZh8C,Robert Rivera,South Georgia and the South Sandwich Islands,Wonder keep fear part exactly tree because authority seat politics.,True,1995-05-21T12:38:43,1998-12-20T12:51:27,EN,https://www.lorempixel.com/268/484,https://placekitten.com/53/647
59,ashleymyers,gwarren@hotmail.com,0Nq27MxBCv,Aaron Gill,South Africa,Any those card attention actually way image offer goal sport.,True,2016-01-19T21:08:24,1989-02-02T17:34:46,EN,https://placekitten.com/653/112,https://dummyimage.com/722x927
60,combsstephanie,andrewmoore@bennett-morgan.info,wez2YXsFG8,Ashley Lane,Malta,Set culture necessary everybody down enjoy agreement police during recognize.,False,2004-12-23T10:19:56,1981-07-05T12:29:45,EN,https://placekitten.com/659/465,https://www.lorempixel.com/428/651
61,hancockstephanie,pfigueroa@hotmail.com,3ZULd9cRZs,Christina Drake,Thailand,Word those player democratic environment space.,True,1979-06-08T23:48:11,1978-12-16T23:54:59,EN,https://dummyimage.com/369x811,https://placeimg.com/882/888/any
62,ipratt,anna90@gmail.com,xu15pHaZ7Y,Anthony Velez,Western Sahara,Along rest west mother certain writer pressure check water same by hard affect.,True,1997-11-11T04:17:50,1973-02-16T03:11:38,EN,https://placekitten.com/246/865,https://placekitten.com/42/618
63,wgallegos,jacksoncheryl@hensley-valencia.biz,s8AOTdxjny,Andrea Owens,Macedonia,Design nothing force rather partner second current role especially attorney art.,True,2011-04-01T10:02:37,1972-10-18T22:15:55,EN,https://dummyimage.com/140x869,https://placekitten.com/293/179
64,zwatkins,obradley@hotmail.com,3yANR6zUkL,David Flores,Georgia,Hour although military foreign teacher part despite think live quality.,True,1979-02-05T09:56:06,1992-05-03T09:37:18,EN,https://placekitten.com/731/519,https://www.lorempixel.com/342/498
65,smithmatthew,milleramanda@hotmail.com,KjTj6fnd66,Candace Roberts,Guinea,Education least research hit decision your laugh expect according part.,True,1977-08-05T09:17:10,1994-04-18T05:09:14,EN,https://placekitten.com/406/674,https://placeimg.com/951/20/any
66,lisa81,courtney70@hurley.org,4zMLrDdzXU,Sherry Jenkins,Lebanon,Organization strategy pass common party pattern produce article hour.,True,2004-10-27T20:23:11,1995-10-29T07:28:42,EN,https://www.lorempixel.com/729/976,https://placeimg.com/306/400/any
67,brianrivera,hernandezderrick@yahoo.com,5TQSpKtcKH,David Rodriguez,Brunei Darussalam,Serious research city difficult story draw your huge throw director.,True,1976-01-04T01:08:48,2008-01-12T05:17:30,EN,https://placeimg.com/1002/1001/any,https://placekitten.com/300/440
68,karen68,qferrell@wilson.org,ZKDggNhGo6,Glenn Powell,Spain,Mean young morning improve fact front involve few let season sure later call.,False,2011-03-17T20:03:40,1993-07-24T07:55:06,EN,https://dummyimage.com/111x265,https://www.lorempixel.com/98/1011
69,onelson,lindsey97@johnson.info,9F7LrnRgfD,Steven Rodriguez,Pitcairn Islands,Case word about establish participant increase matter very collection employee peace.,False,1985-03-16T00:32:03,2013-09-25T04:53:15,EN,https://www.lorempixel.com/839/844,https://dummyimage.com/233x737
70,carpentermark,shelly18@gmail.com,NnCy8rEfTp,Wendy Moon,Portugal,Ahead hospital want idea evening describe wind prepare pass.,True,1989-09-14T03:25:52,2002-08-14T11:46:06,EN,https://dummyimage.com/382x774,https://dummyimage.com/958x83
71,bgeorge,sandra78@hotmail.com,DPIrG94d1D,Katie Harris,Kazakhstan,Member event bad finish share rise loss watch commercial seat.,True,1980-12-09T16:55:39,1984-08-21T00:27:34,EN,https://www.lorempixel.com/238/790,https://www.lorempixel.com/277/676
72,robertstark,mary45@daniels.com,njBbl1Ffd8,Mark Cisneros,Luxembourg,Skin be election edge could author still state least around another.,True,1995-02-27T01:54:41,2015-02-03T09:50:18,EN,https://placekitten.com/528/333,https://placeimg.com/808/719/any
73,joseph07,julie98@riley.com,TYHnL3iZ0o,Tara Moore,Syrian Arab Republic,World themselves speak score attorney quite sometimes next nation either space walk color.,False,1990-06-08T19:53:24,1988-09-23T10:25:12,EN,https://placeimg.com/974/672/any,https://dummyimage.com/167x515
74,zhancock,benjamin27@yahoo.com,e6VtSnffA2,Kimberly Sanchez,Slovenia,Kid audience image establish kind tend right prevent team.,True,2006-09-20T01:04:25,1989-11-16T03:24:18,EN,https://dummyimage.com/241x336,https://www.lorempixel.com/84/122
75,collinstiffany,robertbaker@sanders.com,334M3mqNZI,Mrs. Sandra Johnson,Dominican Republic,Effort former project political herself indicate may check middle.,True,1974-07-07T16:04:06,1991-07-13T07:40:24,EN,https://placeimg.com/59/130/any,https://www.lorempixel.com/473/881
76,rmiller,qshort@lee-mathews.org,2cNLCQTnci,Lisa Parker,New Zealand,Old effort simply air huge hit.,False,1975-09-04T20:01:16,1970-09-11T01:46:42,EN,https://dummyimage.com/951x449,https://dummyimage.com/727x672
77,oconnelldean,alexbarr@gomez.com,jJ40HOzY3y,Robert Walker,Comoros,Over important Mrs now responsibility score forget too ground.,True,2006-12-18T05:20:59,1986-06-11T01:41:55,EN,https://www.lorempixel.com/547/643,https://www.lorempixel.com/515/580
78,michael89,smithsandra@kelly.com,0k2UWElv1A,Rebecca Martin,Trinidad and Tobago,Find nothing free least understand various.,True,1982-03-28T09:37:47,1996-09-27T20:44:42,EN,https://placekitten.com/811/836,https://www.lorempixel.com/823/481
79,lindastewart,andersonbrandon@hotmail.com,6M71ZDcjBV,Rachael Johnson,Liechtenstein,Wonder personal teacher great admit receive nor debate professional.,True,2001-05-28T21:28:12,1998-06-05T09:00:01,EN,https://placekitten.com/784/109,https://placeimg.com/905/1015/any
80,andersonkelly,cody51@schneider.net,M5vTxlweIt,Theresa Carter,Norfolk Island,Several power attorney subject tax check single show final listen.,True,1994-06-17T10:55:26,1998-02-27T18:28:48,EN,https://placeimg.com/897/853/any,https://dummyimage.com/425x162
81,hgriffin,kshaw@conway.com,SRRDZ8Xz3i,Carla Gregory,Solomon Islands,Tough apply say important position poor option.,True,1989-05-31T11:39:37,2006-07-07T11:12:54,EN,https://placeimg.com/567/499/any,https://placeimg.com/962/689/any
82,claudia43,pattersonbrenda@miller.com,zLykmx8935,Sarah Moore,Egypt,Several candidate Congress third character exist onto official.,True,1977-06-07T09:16:23,2016-12-30T10:26:27,EN,https://www.lorempixel.com/334/820,https://www.lorempixel.com/699/194
83,andrew84,taylorlee@molina.com,44nmVIH4LX,Anthony Sawyer,Cook Islands,Along loss doctor second military happy easy grow nation organization.,True,1986-01-18T12:07:34,1992-06-18T01:02:33,EN,https://placekitten.com/170/441,https://placekitten.com/736/251
84,robertmorrison,christopherblankenship@gmail.com,3WwrAradLe,Melissa Collins,Sudan,Ball condition anyone improve grow image price of oil.,True,2006-09-23T18:23:39,1971-08-13T14:44:42,EN,https://placekitten.com/580/225,https://placekitten.com/734/867
85,joseparker,thomasmichael@mendoza.com,fYTYh4l6p4,Jimmy Hill,Christmas Island,Less religious movie market leader long seek edge air.,True,1981-08-23T14:15:11,2013-01-08T03:53:33,EN,https://www.lorempixel.com/865/172,https://placeimg.com/446/572/any
86,patriciagaines,jessicahayes@weber.net,wmApkVxz0P,Robert West,Uruguay,Fall impact become his poor truth response law media.,True,1988-08-20T06:06:06,2002-05-20T11:39:18,EN,https://placeimg.com/485/957/any,https://placekitten.com/321/609
87,kristenbonilla,bnorman@hanson.com,QCxF2F3L2S,George Vazquez,Japan,Show start practice social media return baby international box space.,True,1999-12-03T06:25:50,1978-03-17T20:07:04,EN,https://placeimg.com/510/495/any,https://placeimg.com/708/600/any
88,fernandezsherri,palmerstuart@cherry-anderson.com,80iqg6Mv2U,Jonathan Marshall,Japan,Focus prevent mouth law detail hear offer say sell service back conference.,True,1986-08-06T13:46:35,2002-07-25T13:19:33,EN,https://www.lorempixel.com/819/19,https://placeimg.com/750/116/any
89,melissa98,cgreen@williams.com,92pJcEiKi7,Christina Thompson,Vietnam,Own opportunity whatever watch yeah fill maybe likely activity live.,True,1994-09-07T19:50:41,1972-04-13T22:52:39,EN,https://dummyimage.com/686x893,https://placeimg.com/557/179/any
90,seth34,amandabrown@yahoo.com,A9xVt5rJ89,Emily Torres,Guam,Put lead system without office subject.,True,1971-10-10T15:21:03,2014-09-26T16:16:54,EN,https://placeimg.com/717/115/any,https://placeimg.com/308/33/any
91,ryoung,lindseylowe@gmail.com,yfO1SnYg19,Amanda Mckinney,Mali,More now letter water when sound and manage computer tell.,True,1971-10-02T12:20:03,1980-06-10T00:54:43,EN,https://placeimg.com/631/764/any,https://placekitten.com/984/908
92,stephanie13,amber22@yahoo.com,79EWdWpSfv,Jacqueline Walters,Panama,Less suffer look head next visit close.,True,1987-10-01T16:02:36,1979-11-13T16:46:35,EN,https://placeimg.com/908/316/any,https://www.lorempixel.com/331/249
93,walter25,hensoncatherine@baldwin-phillips.com,QlSb6WGjKf,Shelley Fox,Korea,Pull bad provide education really each maybe military chair skin.,False,1992-03-01T04:24:56,1989-11-16T10:38:08,EN,https://placekitten.com/312/894,https://www.lorempixel.com/560/400
94,madison02,imcdonald@gmail.com,BRPGguwHH2,Patrick Moore Jr.,Indonesia,It read type together training project marriage.,True,2000-04-06T23:03:43,1985-12-13T19:02:32,EN,https://www.lorempixel.com/221/502,https://dummyimage.com/889x953
95,jeffreyabbott,sabrinajordan@parker.com,2dEfnhO1Ue,Elizabeth Cooley,Oman,Defense evening agree put financial teach everybody meet product hot.,True,1971-06-08T16:58:40,1991-03-16T11:56:54,EN,https://dummyimage.com/34x593,https://www.lorempixel.com/208/828
96,ltownsend,batesbenjamin@gmail.com,UKR2sWqosV,Trevor Lewis,Pitcairn Islands,Nor somebody positive tough beat guy road air memory.,True,2001-04-04T22:38:32,2011-02-06T13:08:32,EN,https://placekitten.com/338/816,https://placekitten.com/906/622
97,millerdaryl,briannapoole@gmail.com,Y0Pfu2JUVy,William Arroyo,Guinea-Bissau,Message lawyer fast amount respond mission any notice.,True,2012-04-26T16:52:30,1996-02-19T08:06:46,EN,https://placeimg.com/578/86/any,https://placeimg.com/1005/658/any
98,brownangela,robertcooke@yahoo.com,xQaZHtksr5,John Lane,Iran,Rise maybe long toward western hard suggest policy rule.,True,2014-01-26T00:29:03,2003-02-16T20:35:02,EN,https://www.lorempixel.com/591/194,https://www.lorempixel.com/445/968
99,jeremy45,lhutchinson@hall.com,5qNSSbmWCZ,Sarah Jackson,Guam,Half compare pass yard reflect team here Congress.,False,2001-08-25T06:49:07,1987-11-01T07:43:14,EN,https://www.lorempixel.com/718/80,https://www.lorempixel.com/843/903
